{
  "schemaVersion": 1,
  "id": "superpowers",
  "version": "1.0.0",
  "name": "Superpowers",
  "description": "Gives players toggleable superhero powers (jump, speed, fire, strength, invincibility, dash).",
  "authors": [
    "Generated by ChatGPT"
  ],
  "contact": {},
  "license": "MIT",
  "environment": "*",
  "entrypoints": {
    "main": [
      "com.example.superpowers.ServerMod"
    ],
    "client": [
      "com.example.superpowers.ClientMod"
    ]
  },
  "depends": {
    "fabricloader": ">=0.14.0",
    "fabric": "*",
    "minecraft": "1.21.1"
  }
}